zhkjcx.org	1	A	watchlist	2026-09-25T16:41:10Z		2	active
pagamento.cc	1	A	watchlist	2026-09-25T16:41:10Z		2	active
olx.paysend-paczka.shop	1	A	kit-fingerprint	2026-09-25T16:41:10Z		2	active
www.pagamento.cc	1	A	kit-fingerprint	2026-09-25T16:41:10Z		2	active
singleframefilms.com	1	A	kit-fingerprint	2026-09-25T16:41:10Z		2	active
inpost.pay-flow.cfd	1	A	kit-fingerprint	2026-09-25T16:41:10Z		2	active
immortal-x8.xyz	1	A	watchlist	2026-09-25T16:41:10Z		2	active
olx.paycore24-express.cfd	1	A	kit-fingerprint	2026-09-25T16:41:10Z		2	active
m.wfmcsy.com	1	A	kit-fingerprint	2026-09-25T16:41:10Z	2026-09-25T22:06:35Z	0	active
paycore24-express.sbs	1	A	watchlist	2026-09-25T16:41:10Z		2	active
inpost.paycore24-express.cfd	1	A	kit-fingerprint	2026-09-25T16:41:10Z		2	active
dacajncritter.com	1	A	watchlist	2026-09-25T16:41:10Z		2	active
8x.immortal-x8.xyz	1	A	kit-fingerprint	2026-09-25T16:41:10Z		2	active
yeezy-sand.xyz	1	A	watchlist	2026-09-25T16:41:10Z		2	active
periyartigers.com	1	A	watchlist	2026-09-25T16:41:10Z		2	active
cnkstcd.com	1	A	watchlist	2026-09-25T16:41:10Z		2	active
baln-cmoni.shop	1	A	watchlist	2026-09-25T16:41:10Z		2	active
masterget.fed-send.xyz	1	A	kit-fingerprint	2026-09-25T16:41:10Z		2	active
subito.pagamento.cc	1	A	kit-fingerprint	2026-09-25T16:41:10Z		2	active
rick-rock.immortal-4u.shop	1	A	kit-fingerprint	2026-09-25T16:41:10Z		2	active
longkun100.com	1	A	watchlist	2026-09-25T16:41:10Z		2	active
olx.paycore-send.sbs	1	A	kit-fingerprint	2026-09-25T16:41:10Z		2	active
lnvoicel-47293.com	1	A	watchlist	2026-09-25T16:41:10Z		2	active
immortal-4u.shop	1	A	watchlist	2026-09-25T16:41:10Z		2	active
b-checker.xyz	1	A	watchlist	2026-09-25T16:41:10Z		2	active
olx.paycore-private.cyou	1	A	kit-fingerprint	2026-09-25T16:41:10Z		2	active
dba.lnvoicel-47293.com	1	A	kit-fingerprint	2026-09-25T16:41:10Z		2	active
immortal-h.xyz	1	A	watchlist	2026-09-25T16:41:10Z		2	active
vps-pay-it.xyz	1	A	watchlist	2026-09-25T16:41:10Z		2	active
make-it.short-conn.shop	1	A	ct-subdomain	2026-09-25T16:41:10Z	2026-09-25T22:06:35Z	0	active
b.b-checker.xyz	1	A	kit-fingerprint	2026-09-25T16:41:10Z		2	active
olx.paycore-send.xyz	1	A	kit-fingerprint	2026-09-25T16:41:10Z		2	active
paycore24-express.cfd	1	A	watchlist	2026-09-25T16:41:10Z		2	active
olx.express-paycore24.cyou	1	A	kit-fingerprint	2026-09-25T16:41:10Z		2	active
pay-flow.cfd	1	A	watchlist	2026-09-25T16:41:10Z		2	active
wfmcsy.com	1	A	watchlist	2026-09-25T16:41:10Z	2026-09-25T22:06:35Z	0	active
m.cnkstcd.com	1	A	kit-fingerprint	2026-09-25T16:41:10Z		2	active
www.wfmcsy.com	1	A	kit-fingerprint	2026-09-25T16:41:10Z	2026-09-25T22:06:35Z	0	active
verifieer.cc	1	A	watchlist	2026-09-25T16:41:10Z		2	active
olx.paysend-paczka.xyz	1	A	kit-fingerprint	2026-09-25T16:41:10Z		2	active
subito.verifieer.cc	1	A	kit-fingerprint	2026-09-25T16:41:10Z		2	active
paysend-paczka.xyz	1	A	watchlist	2026-09-25T16:41:10Z		2	active
express-paycore24.cyou	1	A	watchlist	2026-09-25T16:41:10Z		2	active
paycore-send.xyz	1	A	watchlist	2026-09-25T16:41:10Z		2	active
paycore-private.cyou	1	A	watchlist	2026-09-25T16:41:10Z		2	active
subito.cam	1	A	watchlist	2026-09-25T16:41:10Z	2026-09-25T22:06:35Z	0	active
mostly.immortal-h.xyz	1	A	kit-fingerprint	2026-09-25T16:41:10Z		2	active
immrtl-hlpr.shop	1	A	watchlist	2026-09-25T16:41:10Z		2	active
arsenalroel.org	1	A	watchlist	2026-09-25T16:41:10Z		2	active
adsrvr.shorten-it.lat	1	A	kit-fingerprint	2026-09-25T16:41:10Z		2	active
101.immrtl-hlpr.shop	1	A	ct-subdomain	2026-09-25T16:41:10Z	2026-09-25T22:06:35Z	0	active
verifa.cc	1	A	watchlist	2026-09-25T16:41:10Z		2	active
olx.paycore-send.shop	1	A	kit-fingerprint	2026-09-25T16:41:10Z		2	active
shorten-it.lat	1	A	watchlist	2026-09-25T16:41:10Z		2	active
humancompostco.com	1	A	kit-fingerprint	2026-09-25T16:41:10Z	2026-09-25T22:06:35Z	0	active
fed-send.xyz	1	A	watchlist	2026-09-25T16:41:10Z		2	active
express-paycore24.cfd	1	A	watchlist	2026-09-25T16:41:10Z		2	active
reigartkistlerdds.com	1	A	watchlist	2026-09-25T16:41:10Z		2	active
www.dacajncritter.com	1	A	kit-fingerprint	2026-09-25T16:41:10Z		2	active
olx.express-paycore24.cfd	1	A	kit-fingerprint	2026-09-25T16:41:10Z		2	active
inpost.express-paycore24.cfd	1	A	kit-fingerprint	2026-09-25T16:41:10Z		2	active
needtrytopsto.icu	1	A	kit-fingerprint	2026-09-25T16:41:10Z		2	active
short-conn.shop	1	A	watchlist	2026-09-25T16:41:10Z		2	active
it-pays.vps-pay-it.xyz	1	A	kit-fingerprint	2026-09-25T16:41:10Z		2	active
feaster.baln-cmoni.shop	1	A	kit-fingerprint	2026-09-25T16:41:10Z		2	active
donshriversvideodrain.com	1	A	watchlist	2026-09-25T16:41:10Z	2026-09-25T22:06:35Z	0	active
tinyurl.com	1	A	kit-fingerprint	2026-09-25T16:41:10Z	2026-09-25T22:06:35Z	0	active
paycore-send.shop	1	A	watchlist	2026-09-25T16:41:10Z		2	active
paycore-send.sbs	1	A	watchlist	2026-09-25T16:41:10Z		2	active
sendeasy.yeezy-sand.xyz	1	A	kit-fingerprint	2026-09-25T16:41:10Z		2	active
www.amoreliie.com	1	A	kit-fingerprint	2026-09-25T16:41:10Z	2026-09-25T22:06:35Z	0	active
szrcgj.com	1	A	watchlist	2026-09-25T16:41:10Z	2026-09-25T22:06:35Z	0	active
paysend-paczka.shop	1	A	watchlist	2026-09-25T16:41:10Z		2	active
olx.paycore24-express.sbs	1	A	kit-fingerprint	2026-09-25T16:41:10Z		2	active
www.longkun100.com	1	A	ct-subdomain	2026-09-25T22:06:35Z		1	active
www.cnkstcd.com	1	A	ct-subdomain	2026-09-25T22:06:35Z		1	active
