paycore-deal.xyz	2026-06-09
paysend-paczka.xyz	2026-06-10
paysend-paczka.shop	2026-06-11
paycore-send.xyz	2026-06-12
paycore-send.shop	2026-06-12
paycore-send.sbs	2026-06-12
paycore24-express.cfd	2026-06-13
paycore-private.cyou	2026-06-13
paycore24-express.sbs	2026-06-14
ordergetnok.shop	2026-06-15
express-paycore24.cyou	2026-06-15
kundeinfo.com	2026-06-16
express-paycore24.cfd	2026-06-16
orderhp.net	2026-06-17
orderuito.net	2026-06-18
lsaericv.com	2026-06-20
orderuq.net	2026-06-25
kontoinfo.com	2026-06-26
0rderkleinan.shop	2026-06-26
maxicosi.top	2026-06-26
item7481.space	2026-06-26
blocket.space	2026-06-26
lnvoiced98282.com	2026-06-26
paycore-wplata.shop	2026-06-26
recommerce73158.shop	2026-06-27
paycore-24.sbs	2026-06-27
paycore-fast24.xyz	2026-06-28
reserv.cc	2026-06-28
betaald.net	2026-06-28
paycore-24.cfd	2026-06-28
paczzka647539713.shop	2026-06-28
fraktservice-nordichub.cfd	2026-06-28
ordr931oa.help	2026-06-28
ordernpl.net	2026-06-29
ordernbo.net	2026-06-30
orderbnn.com	2026-06-30
corepay-24.sbs	2026-06-30
confirmation-paiement.icu	2026-06-30
orderqo.net	2026-07-01
corepay-24.xyz	2026-07-01
ordenisolx.shop	2026-07-01
pay-flow.cfd	2026-07-02
fraktservice-online.cfd	2026-07-02
fraktservice-express.cfd	2026-07-03
qr-kod.help	2026-07-04
orderoto.net	2026-07-04
paket-servicxp.shop	2026-07-04
confirmado.cc	2026-07-05
mioficina-correos-express.digital	2026-07-05
flowcore-express.cyou	2026-07-06
udia29x.com	2026-07-07
ordergetknn.online	2026-07-07
page632132.help	2026-07-08
idu177801.com	2026-07-08
blocket-paymant.com	2026-07-08
flowcore-express.cfd	2026-07-08
newpagecompletedetails.top	2026-07-08
ordernba.net	2026-07-09
paczzka2473248.sbs	2026-07-09
gedeal85.shop	2026-07-09
flowcore-expres.lol	2026-07-09
flowcore-expres.lat	2026-07-09
flowcore-express24.cfd	2026-07-09
paycore-my.cyou	2026-07-09
v3rifytlglde.my.id	2026-07-09
flowcore-express.click	2026-07-09
0767s.com	2026-07-10
idhybel.info	2026-07-10
express24-core.sbs	2026-07-10
ycsb.org	2026-07-11
express24-core.cfd	2026-07-11
compr-es-processing.cyou	2026-07-11
bestellstatus.com	2026-07-12
mx-tea.com	2026-07-12
paycore-spinz.cfd	2026-07-13
mine-express24.cfd	2026-07-13
iflowcore-expres.lol	2026-07-13
safecclick.eu	2026-07-13
frakt-authhub.shop	2026-07-13
frakt-authcentr.shop	2026-07-13
frakt-authshipment.shop	2026-07-14
orderop.net	2026-07-14
biztonsagosvasarlas.com	2026-07-14
my-paycore.shop	2026-07-15
verifycvdfg346.shop	2026-07-15
verify-compra.cyou	2026-07-15
poland-paycore.top	2026-07-15
rgoodeao.com	2026-07-15
frakt-authportal.shop	2026-07-15
eranetr.click	2026-07-16
kan-paycore.cyou	2026-07-16
kaufonline.icu	2026-07-16
urderld.com	2026-07-17
verification-help.com	2026-07-17
ex24-pola.cfd	2026-07-17
fix-paycore.lol	2026-07-17
page91194.shop	2026-07-17
verifiers-online-compras.shop	2026-07-17
selfverification.help	2026-07-17
