domain,uuid,result,visibility,first_scanned
101.immrtl-hlpr.shop,019edab7-b3c9-766f-b05f-e780a9772e4d,https://urlscan.io/result/019edab7-b3c9-766f-b05f-e780a9772e4d/,public,2026-06-18T12:28:03Z
arsenalroel.org,019edab7-bf3d-70d2-8400-627b1c7027df,https://urlscan.io/result/019edab7-bf3d-70d2-8400-627b1c7027df/,public,2026-06-18T12:28:03Z
dacajncritter.com,019edab7-cafd-72c1-8c9f-403a20cc3cc4,https://urlscan.io/result/019edab7-cafd-72c1-8c9f-403a20cc3cc4/,public,2026-06-18T12:28:03Z
donshriversvideodrain.com,019edab7-d6a8-778f-8f2d-76cb337c8c81,https://urlscan.io/result/019edab7-d6a8-778f-8f2d-76cb337c8c81/,public,2026-06-18T12:28:03Z
feaster.baln-cmoni.shop,019edab7-e2ce-759b-b2a6-5469c55fdd06,https://urlscan.io/result/019edab7-e2ce-759b-b2a6-5469c55fdd06/,public,2026-06-18T12:28:03Z
humancompostco.com,019edab7-ee7a-71a8-bd7e-dfb388d440bf,https://urlscan.io/result/019edab7-ee7a-71a8-bd7e-dfb388d440bf/,public,2026-06-18T12:28:03Z
make-it.short-conn.shop,019edab7-faf3-77aa-a44d-22adb88cdb3c,https://urlscan.io/result/019edab7-faf3-77aa-a44d-22adb88cdb3c/,public,2026-06-18T12:28:03Z
masterget.fed-send.xyz,019edab8-0675-77ed-b124-fe17c562bd71,https://urlscan.io/result/019edab8-0675-77ed-b124-fe17c562bd71/,public,2026-06-18T12:28:03Z
periyartigers.com,019edab8-12d3-710a-a02f-51feb44359c4,https://urlscan.io/result/019edab8-12d3-710a-a02f-51feb44359c4/,public,2026-06-18T12:28:03Z
reigartkistlerdds.com,019edab8-1ede-710f-a9fb-2a6336e8997e,https://urlscan.io/result/019edab8-1ede-710f-a9fb-2a6336e8997e/,public,2026-06-18T12:28:03Z
subito.cam,019edab8-2a1c-729b-ac3f-92e259cce62c,https://urlscan.io/result/019edab8-2a1c-729b-ac3f-92e259cce62c/,public,2026-06-18T12:28:03Z
tinyurl.com,019edab8-35f4-70c8-aaf3-0b7a4fc7e416,https://urlscan.io/result/019edab8-35f4-70c8-aaf3-0b7a4fc7e416/,public,2026-06-18T12:28:03Z
apps.reigartkistlerdds.com,019edae2-36c4-709d-8362-0b90817f0066,https://urlscan.io/result/019edae2-36c4-709d-8362-0b90817f0066/,public,2026-06-18T13:06:35Z
cpanel.periyartigers.com,019edae2-42c1-70c5-8db2-3a10430e5fb4,https://urlscan.io/result/019edae2-42c1-70c5-8db2-3a10430e5fb4/,public,2026-06-18T13:06:35Z
cpcalendars.periyartigers.com,019edae2-4dfa-775f-869f-f84d6f49c490,https://urlscan.io/result/019edae2-4dfa-775f-869f-f84d6f49c490/,public,2026-06-18T13:06:35Z
cpcontacts.periyartigers.com,019edae2-57e6-736b-b968-7078466c089c,https://urlscan.io/result/019edae2-57e6-736b-b968-7078466c089c/,public,2026-06-18T13:06:35Z
crm.reigartkistlerdds.com,019edae2-61e9-755c-a496-58c8d8f95cf2,https://urlscan.io/result/019edae2-61e9-755c-a496-58c8d8f95cf2/,public,2026-06-18T13:06:35Z
dev.reigartkistlerdds.com,019edae2-6dd8-722c-8866-1974427702b1,https://urlscan.io/result/019edae2-6dd8-722c-8866-1974427702b1/,public,2026-06-18T13:06:35Z
lime.reigartkistlerdds.com,019edae2-7942-760c-abd6-06651ab74cd4,https://urlscan.io/result/019edae2-7942-760c-abd6-06651ab74cd4/,public,2026-06-18T13:06:35Z
link.reigartkistlerdds.com,019edae2-84bb-7101-8327-9b695ecbb75e,https://urlscan.io/result/019edae2-84bb-7101-8327-9b695ecbb75e/,public,2026-06-18T13:06:35Z
login.reigartkistlerdds.com,019edae2-903c-734b-aec4-f1d4c9d4183b,https://urlscan.io/result/019edae2-903c-734b-aec4-f1d4c9d4183b/,public,2026-06-18T13:06:35Z
m.reigartkistlerdds.com,019edae2-9c1b-7379-94cb-a1ad15f8eb52,https://urlscan.io/result/019edae2-9c1b-7379-94cb-a1ad15f8eb52/,public,2026-06-18T13:06:35Z
mail.periyartigers.com,019edae2-a7ba-706a-8149-7f6f61e1aa19,https://urlscan.io/result/019edae2-a7ba-706a-8149-7f6f61e1aa19/,public,2026-06-18T13:06:35Z
mail.reigartkistlerdds.com,019edae2-b209-756a-b9f0-245e2c0170c6,https://urlscan.io/result/019edae2-b209-756a-b9f0-245e2c0170c6/,public,2026-06-18T13:06:35Z
old.reigartkistlerdds.com,019edae2-bd99-7731-bf24-f832c81e1149,https://urlscan.io/result/019edae2-bd99-7731-bf24-f832c81e1149/,public,2026-06-18T13:06:35Z
owa.reigartkistlerdds.com,019edae2-c9aa-77cd-b770-d1293c1cd2a1,https://urlscan.io/result/019edae2-c9aa-77cd-b770-d1293c1cd2a1/,public,2026-06-18T13:06:35Z
sitemap.reigartkistlerdds.com,019edae2-d4cf-777d-a4a4-837e26894861,https://urlscan.io/result/019edae2-d4cf-777d-a4a4-837e26894861/,public,2026-06-18T13:06:35Z
sitemaps.reigartkistlerdds.com,019edae2-e026-775d-a889-43d4a36999d5,https://urlscan.io/result/019edae2-e026-775d-a889-43d4a36999d5/,public,2026-06-18T13:06:35Z
webdisk.periyartigers.com,019edae2-eb97-75ae-9c91-25e3cddcf853,https://urlscan.io/result/019edae2-eb97-75ae-9c91-25e3cddcf853/,public,2026-06-18T13:06:35Z
webmail.periyartigers.com,019edae2-f75e-706b-ad7f-44bd988ba582,https://urlscan.io/result/019edae2-f75e-706b-ad7f-44bd988ba582/,public,2026-06-18T13:06:35Z
www.periyartigers.com,019edae3-046d-7429-8da5-0053e765ecc4,https://urlscan.io/result/019edae3-046d-7429-8da5-0053e765ecc4/,public,2026-06-18T13:06:35Z
www.reigartkistlerdds.com,019edae3-1060-7550-8528-a750c6b27abf,https://urlscan.io/result/019edae3-1060-7550-8528-a750c6b27abf/,public,2026-06-18T13:06:35Z
www.dacajncritter.com,019edd67-6c01-73aa-a533-3461027a5e68,https://urlscan.io/result/019edd67-6c01-73aa-a533-3461027a5e68/,public,2026-06-19T00:45:37Z
www.humancompostco.com,019edd67-775a-76ca-ad3f-0a1971e6cf8e,https://urlscan.io/result/019edd67-775a-76ca-ad3f-0a1971e6cf8e/,public,2026-06-19T00:45:37Z
singleframefilms.com,019f244b-a5ee-733e-b0ca-c0b9ea9e4425,https://urlscan.io/result/019f244b-a5ee-733e-b0ca-c0b9ea9e4425/,public,2026-07-02T19:13:21Z
www.zhkjcx.org,01a068f9-4f0e-7723-9418-fd0e510966c0,https://urlscan.io/result/01a068f9-4f0e-7723-9418-fd0e510966c0/,public,2026-09-03T20:20:39Z
zhkjcx.org,01a068f9-58dc-76db-8075-1efe84911d0e,https://urlscan.io/result/01a068f9-58dc-76db-8075-1efe84911d0e/,public,2026-09-03T20:20:39Z
m.wfmcsy.com,01a079a9-2b0f-700b-af0b-3aa70a4a8d4a,https://urlscan.io/result/01a079a9-2b0f-700b-af0b-3aa70a4a8d4a/,public,2026-09-07T02:09:29Z
wfmcsy.com,01a079a9-363b-77ec-aa2a-5aa475b4d56d,https://urlscan.io/result/01a079a9-363b-77ec-aa2a-5aa475b4d56d/,public,2026-09-07T02:09:29Z
www.wfmcsy.com,01a079a9-40a0-724d-95ff-c7cd54da5963,https://urlscan.io/result/01a079a9-40a0-724d-95ff-c7cd54da5963/,public,2026-09-07T02:09:29Z
amoreliie.com,01a07cdb-3a6c-7541-9c25-6deccad02fe3,https://urlscan.io/result/01a07cdb-3a6c-7541-9c25-6deccad02fe3/,public,2026-09-07T16:57:42Z
www.amoreliie.com,01a07cdb-464f-703b-8fa8-5a849e75b49c,https://urlscan.io/result/01a07cdb-464f-703b-8fa8-5a849e75b49c/,public,2026-09-07T16:57:42Z
pay-flow.cfd,01a08930-6398-745c-b2e2-28c3dc0586fc,https://urlscan.io/result/01a08930-6398-745c-b2e2-28c3dc0586fc/,public,2026-09-10T02:23:56Z
paycore-send.shop,01a08930-6ff0-712f-bb22-74b669f20ae0,https://urlscan.io/result/01a08930-6ff0-712f-bb22-74b669f20ae0/,public,2026-09-10T02:23:56Z
www.autonocion.com,01a0b267-35a6-725a-8571-fa35c53e5b6d,https://urlscan.io/result/01a0b267-35a6-725a-8571-fa35c53e5b6d/,public,2026-09-18T02:30:43Z
www.dan.postercollage.com,01a0b267-44a2-754e-8d8a-b29ca9bfbba1,https://urlscan.io/result/01a0b267-44a2-754e-8d8a-b29ca9bfbba1/,public,2026-09-18T02:30:43Z
www.leddeliverybox.ph,01a0b267-5036-7681-86fc-a3bae7ddc863,https://urlscan.io/result/01a0b267-5036-7681-86fc-a3bae7ddc863/,public,2026-09-18T02:30:43Z
11st.bankonbanking.com,01a0b418-d66d-73f1-881a-fbd9d90541a9,https://urlscan.io/result/01a0b418-d66d-73f1-881a-fbd9d90541a9/,public,2026-09-18T10:19:22Z
144.trabzonhaber.xyz,01a0b418-e118-7458-a1cf-1d91883931eb,https://urlscan.io/result/01a0b418-e118-7458-a1cf-1d91883931eb/,public,2026-09-18T10:19:22Z
919-sunrise-knoll-way.ukfirewoodlogss.com,01a0b418-efa6-7098-aca5-c9c597218658,https://urlscan.io/result/01a0b418-efa6-7098-aca5-c9c597218658/,public,2026-09-18T10:19:22Z
admin.dinheiroextra.ws,01a0b418-fc55-72d8-b771-625b9303520d,https://urlscan.io/result/01a0b418-fc55-72d8-b771-625b9303520d/,public,2026-09-18T10:19:22Z
airbnb-afipsnapchat-steamcommunity.com.ph,01a0b419-085c-75cd-8a7c-355650445ed0,https://urlscan.io/result/01a0b419-085c-75cd-8a7c-355650445ed0/,public,2026-09-18T10:19:22Z
airbnbcouponreddit.com,01a0b419-17cb-703c-b852-871cd7bf34ec,https://urlscan.io/result/01a0b419-17cb-703c-b852-871cd7bf34ec/,public,2026-09-18T10:19:22Z
alipay.amberlovespink.net.ph,01a0b419-2238-71ab-9017-c7098d1eb86d,https://urlscan.io/result/01a0b419-2238-71ab-9017-c7098d1eb86d/,public,2026-09-18T10:19:22Z
anoboy.io,01a0b419-2d8f-7348-99e3-f60edfbcb86e,https://urlscan.io/result/01a0b419-2d8f-7348-99e3-f60edfbcb86e/,public,2026-09-18T10:19:22Z
apps-trescal-notice.ph,01a0b419-3722-72a0-9954-7e992d72144f,https://urlscan.io/result/01a0b419-3722-72a0-9954-7e992d72144f/,public,2026-09-18T10:19:22Z
auth.checkcoverageapple.com,01a0b419-4788-702c-8ddc-16d7acffaae2,https://urlscan.io/result/01a0b419-4788-702c-8ddc-16d7acffaae2/,public,2026-09-18T10:19:22Z
auth.mtaccountaccess.com,01a0b419-589f-74ad-a276-3fc6679a629e,https://urlscan.io/result/01a0b419-589f-74ad-a276-3fc6679a629e/,public,2026-09-18T10:19:22Z
autodiscover.ciupang.com,01a0b419-6378-726c-906b-e6a83088728a,https://urlscan.io/result/01a0b419-6378-726c-906b-e6a83088728a/,public,2026-09-18T10:19:22Z
autonocion.com,01a0b419-6e9f-756e-aa18-b32acdb36224,https://urlscan.io/result/01a0b419-6e9f-756e-aa18-b32acdb36224/,public,2026-09-18T10:19:22Z
backup-trescal-ios.ph,01a0b419-787b-729f-9516-cf3661b85ca5,https://urlscan.io/result/01a0b419-787b-729f-9516-cf3661b85ca5/,public,2026-09-18T10:19:22Z
barenaturals.website,01a0b419-83bc-708c-97f5-2f904898f93c,https://urlscan.io/result/01a0b419-83bc-708c-97f5-2f904898f93c/,public,2026-09-18T10:19:22Z
batocomic.net,01a0b419-92ac-7288-a703-23aaff1e01f4,https://urlscan.io/result/01a0b419-92ac-7288-a703-23aaff1e01f4/,public,2026-09-18T10:19:22Z
bidv.azurwebsites.net,01a0b419-9eee-764e-9fa2-4ddea0bf3381,https://urlscan.io/result/01a0b419-9eee-764e-9fa2-4ddea0bf3381/,public,2026-09-18T10:19:22Z
bidv.versel.app,01a0b419-aa16-735a-a3d2-2361a05257f9,https://urlscan.io/result/01a0b419-aa16-735a-a3d2-2361a05257f9/,public,2026-09-18T10:19:22Z
boy-londontw.com,01a0b419-b56b-7086-bb29-971a1e94c404,https://urlscan.io/result/01a0b419-b56b-7086-bb29-971a1e94c404/,public,2026-09-18T10:19:22Z
buildingcongress.comlinkedin.com,01a0b419-c387-7128-8efd-2c730b951f78,https://urlscan.io/result/01a0b419-c387-7128-8efd-2c730b951f78/,public,2026-09-18T10:19:22Z
60t9v.junkremovalservice.xyz,01a0b535-132f-7428-80f5-44915972ed71,https://urlscan.io/result/01a0b535-132f-7428-80f5-44915972ed71/,public,2026-09-18T15:32:51Z
buzhfwww.webmail.reditonebank.com,01a0b535-21ef-73e4-b435-d8dc24a8c5a3,https://urlscan.io/result/01a0b535-21ef-73e4-b435-d8dc24a8c5a3/,public,2026-09-18T15:32:51Z
cfnenttmkc.8666989a1.top,01a0b535-2e3b-739b-b6de-0750312b7f7d,https://urlscan.io/result/01a0b535-2e3b-739b-b6de-0750312b7f7d/,public,2026-09-18T15:32:51Z
chillhaytv.com,01a0b535-3ac3-71ee-9b5d-35fdbac528cf,https://urlscan.io/result/01a0b535-3ac3-71ee-9b5d-35fdbac528cf/,public,2026-09-18T15:32:51Z
cmaufking.top,01a0b535-46f2-75c3-82c1-ba285a968e44,https://urlscan.io/result/01a0b535-46f2-75c3-82c1-ba285a968e44/,public,2026-09-18T15:32:51Z
cmctelecom.vercal.app,01a0b535-5254-74bf-bdb6-da2112d9f85b,https://urlscan.io/result/01a0b535-5254-74bf-bdb6-da2112d9f85b/,public,2026-09-18T15:32:51Z
comgoogle.comlinkedin.com,01a0b535-61ea-7232-8dd5-0215a82998a1,https://urlscan.io/result/01a0b535-61ea-7232-8dd5-0215a82998a1/,public,2026-09-18T15:32:51Z
coupang.trackdiscovery.net,01a0b535-6c68-743f-a15f-ec0407a8edf5,https://urlscan.io/result/01a0b535-6c68-743f-a15f-ec0407a8edf5/,public,2026-09-18T15:32:51Z
de.schleichs.com,01a0b535-7926-70dc-b3e2-c8f16d28317c,https://urlscan.io/result/01a0b535-7926-70dc-b3e2-c8f16d28317c/,public,2026-09-18T15:32:51Z
dev.autonocion.com,01a0b535-83e0-7240-8a6c-742dbd0fc76e,https://urlscan.io/result/01a0b535-83e0-7240-8a6c-742dbd0fc76e/,public,2026-09-18T15:32:51Z
dl.upcleaner.net,01a0b535-8f5d-757f-97fa-1f2fd3cc5a59,https://urlscan.io/result/01a0b535-8f5d-757f-97fa-1f2fd3cc5a59/,public,2026-09-18T15:32:51Z
euclidapartments8.ph,01a0b535-9a0b-728f-8f39-4d9a17a9d12c,https://urlscan.io/result/01a0b535-9a0b-728f-8f39-4d9a17a9d12c/,public,2026-09-18T15:32:51Z
evotric.co.uk,01a0b535-a46c-70d7-b321-a08e9acdf971,https://urlscan.io/result/01a0b535-a46c-70d7-b321-a08e9acdf971/,public,2026-09-18T15:32:51Z
facebook-for-writers-and-ambassadors.ph,01a0b535-b03d-70f8-8cec-1ef839b3d507,https://urlscan.io/result/01a0b535-b03d-70f8-8cec-1ef839b3d507/,public,2026-09-18T15:32:51Z
fapcraft.org,01a0b535-bbc7-74aa-a8e8-345eb9526a80,https://urlscan.io/result/01a0b535-bbc7-74aa-a8e8-345eb9526a80/,public,2026-09-18T15:32:51Z
freeeconomics.com,01a0b535-cb58-738a-9cc7-fc48947d58e6,https://urlscan.io/result/01a0b535-cb58-738a-9cc7-fc48947d58e6/,public,2026-09-18T15:32:51Z
googele.com,01a0b535-d642-7398-aa75-a370d684dc9d,https://urlscan.io/result/01a0b535-d642-7398-aa75-a370d684dc9d/,public,2026-09-18T15:32:51Z
googleassistantprivacysettlment.com,01a0b535-dfe8-773d-a98e-75819572a60d,https://urlscan.io/result/01a0b535-dfe8-773d-a98e-75819572a60d/,public,2026-09-18T15:32:51Z
hesinternational.us,01a0b535-eb95-72c7-93f5-78accb2e5323,https://urlscan.io/result/01a0b535-eb95-72c7-93f5-78accb2e5323/,public,2026-09-18T15:32:51Z
hugemoney631.pages.dev,01a0b535-f718-722c-889f-344225d46d49,https://urlscan.io/result/01a0b535-f718-722c-889f-344225d46d49/,public,2026-09-18T15:32:51Z
